Campaign,Keyword,Match Type
CSSI - Control Acces + Pontaj,gratuit,Phrase
CSSI - Control Acces + Pontaj,gratis,Phrase
CSSI - Control Acces + Pontaj,ieftin,Phrase
CSSI - Control Acces + Pontaj,second hand,Phrase
CSSI - Control Acces + Pontaj,sh,Phrase
CSSI - Control Acces + Pontaj,diy,Phrase
CSSI - Control Acces + Pontaj,singur,Phrase
CSSI - Control Acces + Pontaj,cum sa,Phrase
CSSI - Control Acces + Pontaj,tutorial,Phrase
CSSI - Control Acces + Pontaj,curs,Phrase
CSSI - Control Acces + Pontaj,angajare,Phrase
CSSI - Control Acces + Pontaj,job,Phrase
CSSI - Control Acces + Pontaj,cariera,Phrase
CSSI - Control Acces + Pontaj,salariu,Phrase
CSSI - Control Acces + Pontaj,bucuresti,Phrase
CSSI - Control Acces + Pontaj,cluj,Phrase
CSSI - Control Acces + Pontaj,timisoara,Phrase
CSSI - Control Acces + Pontaj,iasi,Phrase
CSSI - Control Acces + Pontaj,constanta,Phrase
CSSI - Control Acces + Pontaj,pareri,Phrase
CSSI - Control Acces + Pontaj,forum,Phrase
CSSI - Control Acces + Pontaj,recenzie,Phrase
CSSI - Control Acces + Pontaj,review,Phrase
CSSI - Control Acces + Pontaj,olx,Phrase
CSSI - Control Acces + Pontaj,emag,Phrase
CSSI - Control Acces + Pontaj,amazon,Phrase
CSSI - Control Acces + Pontaj,aliexpress,Phrase
CSSI - Control Acces + Pontaj,incendiu,Phrase
CSSI - Control Acces + Pontaj,detectie incendiu,Phrase
CSSI - Control Acces + Pontaj,ISU,Phrase
CSSI - Camere Supraveghere B2B,gratuit,Phrase
CSSI - Camere Supraveghere B2B,gratis,Phrase
CSSI - Camere Supraveghere B2B,ieftin,Phrase
CSSI - Camere Supraveghere B2B,second hand,Phrase
CSSI - Camere Supraveghere B2B,sh,Phrase
CSSI - Camere Supraveghere B2B,diy,Phrase
CSSI - Camere Supraveghere B2B,singur,Phrase
CSSI - Camere Supraveghere B2B,cum sa,Phrase
CSSI - Camere Supraveghere B2B,tutorial,Phrase
CSSI - Camere Supraveghere B2B,curs,Phrase
CSSI - Camere Supraveghere B2B,angajare,Phrase
CSSI - Camere Supraveghere B2B,job,Phrase
CSSI - Camere Supraveghere B2B,cariera,Phrase
CSSI - Camere Supraveghere B2B,salariu,Phrase
CSSI - Camere Supraveghere B2B,bucuresti,Phrase
CSSI - Camere Supraveghere B2B,cluj,Phrase
CSSI - Camere Supraveghere B2B,timisoara,Phrase
CSSI - Camere Supraveghere B2B,iasi,Phrase
CSSI - Camere Supraveghere B2B,constanta,Phrase
CSSI - Camere Supraveghere B2B,pareri,Phrase
CSSI - Camere Supraveghere B2B,forum,Phrase
CSSI - Camere Supraveghere B2B,recenzie,Phrase
CSSI - Camere Supraveghere B2B,review,Phrase
CSSI - Camere Supraveghere B2B,olx,Phrase
CSSI - Camere Supraveghere B2B,emag,Phrase
CSSI - Camere Supraveghere B2B,amazon,Phrase
CSSI - Camere Supraveghere B2B,aliexpress,Phrase
CSSI - Camere Supraveghere B2B,incendiu,Phrase
CSSI - Camere Supraveghere B2B,detectie incendiu,Phrase
CSSI - Camere Supraveghere B2B,ISU,Phrase
CSSI - Automatizari Porti + Bariere,gratuit,Phrase
CSSI - Automatizari Porti + Bariere,gratis,Phrase
CSSI - Automatizari Porti + Bariere,ieftin,Phrase
CSSI - Automatizari Porti + Bariere,second hand,Phrase
CSSI - Automatizari Porti + Bariere,sh,Phrase
CSSI - Automatizari Porti + Bariere,diy,Phrase
CSSI - Automatizari Porti + Bariere,singur,Phrase
CSSI - Automatizari Porti + Bariere,cum sa,Phrase
CSSI - Automatizari Porti + Bariere,tutorial,Phrase
CSSI - Automatizari Porti + Bariere,curs,Phrase
CSSI - Automatizari Porti + Bariere,angajare,Phrase
CSSI - Automatizari Porti + Bariere,job,Phrase
CSSI - Automatizari Porti + Bariere,cariera,Phrase
CSSI - Automatizari Porti + Bariere,salariu,Phrase
CSSI - Automatizari Porti + Bariere,bucuresti,Phrase
CSSI - Automatizari Porti + Bariere,cluj,Phrase
CSSI - Automatizari Porti + Bariere,timisoara,Phrase
CSSI - Automatizari Porti + Bariere,iasi,Phrase
CSSI - Automatizari Porti + Bariere,constanta,Phrase
CSSI - Automatizari Porti + Bariere,pareri,Phrase
CSSI - Automatizari Porti + Bariere,forum,Phrase
CSSI - Automatizari Porti + Bariere,recenzie,Phrase
CSSI - Automatizari Porti + Bariere,review,Phrase
CSSI - Automatizari Porti + Bariere,olx,Phrase
CSSI - Automatizari Porti + Bariere,emag,Phrase
CSSI - Automatizari Porti + Bariere,amazon,Phrase
CSSI - Automatizari Porti + Bariere,aliexpress,Phrase
CSSI - Automatizari Porti + Bariere,incendiu,Phrase
CSSI - Automatizari Porti + Bariere,detectie incendiu,Phrase
CSSI - Automatizari Porti + Bariere,ISU,Phrase
